1901148,Zeyad Ahmed Ibrahim,15.800000,
2102256,Sara Johnson,9.800000,
1803087,John Smith,12.300000,
2005123,Emily Davis,8.900000,
2206110,Michael Anderson,15.700000,
1907145,Lisa Miller,11.200000,
2108162,Robert Wilson,13.600000,
2009199,Michelle Martinez,10.400000,
1801023,David Brown,16.200001,
2202234,Susan Taylor,7.500000,
